-- THE EXAMS
INSERT INTO theexams (id, student_id, document_id, inst_id, date, type_id) VALUES (0, 0, 0, 0, 2013-07-01, 0);
INSERT INTO theexams (id, student_id, document_id, inst_id, date, type_id) VALUES (1, 1, 1, 1, 2012-09-14, 0);
INSERT INTO theexams (id, student_id, document_id, inst_id, date, type_id) VALUES (2, 2, 2, 2, NULL, 0);
INSERT INTO theexams (id, student_id, document_id, inst_id, date, type_id) VALUES (3, 3, 3, 3, NULL, 0);
INSERT INTO theexams (id, student_id, document_id, inst_id, date, type_id) VALUES (4, 4, 4, 4, NULL, 0);
INSERT INTO theexams (id, student_id, document_id, inst_id, date, type_id) VALUES (5, 5, 5, 4, NULL, 0);
INSERT INTO theexams (id, student_id, document_id, inst_id, date, type_id) VALUES (6, 6, 6, 5, 2013-11-22, 1);
INSERT INTO theexams (id, student_id, document_id, inst_id, date, type_id) VALUES (7, 7, 7, 5, 2013-11-15, 1);
INSERT INTO theexams (id, student_id, document_id, inst_id, date, type_id) VALUES (8, 8, 8, 6, NULL, 1);
INSERT INTO theexams (id, student_id, document_id, inst_id, date, type_id) VALUES (9, 9, 9, 6, NULL, 1);
INSERT INTO theexams (id, student_id, document_id, inst_id, date, type_id) VALUES (10, 10, 10, 6, NULL, 1);
INSERT INTO theexams (id, student_id, document_id, inst_id, date, type_id) VALUES (11, 11, 11, 5, 2011-11-16, 1);
INSERT INTO theexams (id, student_id, document_id, inst_id, date, type_id) VALUES (12, 12, 12, 6, NULL, 1);
INSERT INTO theexams (id, student_id, document_id, inst_id, date, type_id) VALUES (13, 13, 13, 6, NULL, 1);
INSERT INTO theexams (id, student_id, document_id, inst_id, date, type_id) VALUES (14, 14, 14, 6, NULL, 1);
INSERT INTO theexams (id, student_id, document_id, inst_id, date, type_id) VALUES (15, 15, 15, 6, NULL, 1);
INSERT INTO theexams (id, student_id, document_id, inst_id, date, type_id) VALUES (16, 16, 16, 6, NULL, 1);
INSERT INTO theexams (id, student_id, document_id, inst_id, date, type_id) VALUES (17, 17, 17, 6, NULL, 1);
INSERT INTO theexams (id, student_id, document_id, inst_id, date, type_id) VALUES (18, 18, 18, 6, NULL, 1);
INSERT INTO theexams (id, student_id, document_id, inst_id, date, type_id) VALUES (19, 19, 19, 7, NULL, 1);
INSERT INTO theexams (id, student_id, document_id, inst_id, date, type_id) VALUES (20, 20, 20, 6, NULL, 1);
INSERT INTO theexams (id, student_id, document_id, inst_id, date, type_id) VALUES (21, 21, 21, 6, NULL, 1);
INSERT INTO theexams (id, student_id, document_id, inst_id, date, type_id) VALUES (22, 22, 22, 6, NULL, 1);
INSERT INTO theexams (id, student_id, document_id, inst_id, date, type_id) VALUES (23, 23, 23, 6, NULL, 1);
INSERT INTO theexams (id, student_id, document_id, inst_id, date, type_id) VALUES (24, 24, 24, 6, NULL, 1);
INSERT INTO theexams (id, student_id, document_id, inst_id, date, type_id) VALUES (25, 25, 25, 6, NULL, 1);
INSERT INTO theexams (id, student_id, document_id, inst_id, date, type_id) VALUES (26, 26, 26, 6, NULL, 1);
INSERT INTO theexams (id, student_id, document_id, inst_id, date, type_id) VALUES (27, 27, 27, 6, NULL, 1);
INSERT INTO theexams (id, student_id, document_id, inst_id, date, type_id) VALUES (28, 28, 28, 1, NULL, 1);
INSERT INTO theexams (id, student_id, document_id, inst_id, date, type_id) VALUES (29, 29, 29, 8, NULL, 1);
INSERT INTO theexams (id, student_id, document_id, inst_id, date, type_id) VALUES (30, 30, 30, 8, NULL, 1);
INSERT INTO theexams (id, student_id, document_id, inst_id, date, type_id) VALUES (31, 31, 31, 4, NULL, 1);
INSERT INTO theexams (id, student_id, document_id, inst_id, date, type_id) VALUES (32, 1, 32, 1, NULL, 1);
INSERT INTO theexams (id, student_id, document_id, inst_id, date, type_id) VALUES (33, 32, 33, 4, NULL, 1);
INSERT INTO theexams (id, student_id, document_id, inst_id, date, type_id) VALUES (34, 33, 34, 4, NULL, 1);
INSERT INTO theexams (id, student_id, document_id, inst_id, date, type_id) VALUES (35, 34, 35, 6, NULL, 1);
INSERT INTO theexams (id, student_id, document_id, inst_id, date, type_id) VALUES (36, 35, 36, 4, NULL, 1);
INSERT INTO theexams (id, student_id, document_id, inst_id, date, type_id) VALUES (37, 36, 37, 8, NULL, 1);
INSERT INTO theexams (id, student_id, document_id, inst_id, date, type_id) VALUES (38, 37, 38, 6, NULL, 1);
INSERT INTO theexams (id, student_id, document_id, inst_id, date, type_id) VALUES (39, 38, 39, 6, NULL, 1);
INSERT INTO theexams (id, student_id, document_id, inst_id, date, type_id) VALUES (40, 39, 40, 4, NULL, 1);
-- STUDENTS
INSERT INTO students (id, name, _id) VALUES (0, 'Luís Miguel Gomes dos Santos Reis Leitão', NULL);
INSERT INTO students (id, name, _id) VALUES (1, 'Ricardo Alexandre Peixoto de Queirós', NULL);
INSERT INTO students (id, name, _id) VALUES (2, 'Francisco Javier Calzada Prado', NULL);
INSERT INTO students (id, name, _id) VALUES (3, 'Jana Jagodic', NULL);
INSERT INTO students (id, name, _id) VALUES (4, 'Gustavo Vasconcelos Arnold', NULL);
INSERT INTO students (id, name, _id) VALUES (5, 'Maria João Tinoco Varanda Pereira', NULL);
INSERT INTO students (id, name, _id) VALUES (6, 'Luís Miguel Barbosa Braga', NULL);
INSERT INTO students (id, name, _id) VALUES (7, 'Alda Renata Fangueiro Canito', NULL);
INSERT INTO students (id, name, _id) VALUES (8, 'Vitor Manuel Braga da Silva', NULL);
INSERT INTO students (id, name, _id) VALUES (9, 'Marcelo Sousa Almeida', NULL);
INSERT INTO students (id, name, _id) VALUES (10, 'Joana Raquel Ferreira da Silva Pereira', NULL);
INSERT INTO students (id, name, _id) VALUES (11, 'Ricardo André de Sousa Jafe', NULL);
INSERT INTO students (id, name, _id) VALUES (12, 'João Miguel Silva', NULL);
INSERT INTO students (id, name, _id) VALUES (13, 'Pedro Miguel Silva', NULL);
INSERT INTO students (id, name, _id) VALUES (14, 'Marília Natália Gonçalves', NULL);
INSERT INTO students (id, name, _id) VALUES (15, 'Luis Matias', NULL);
INSERT INTO students (id, name, _id) VALUES (16, 'Miguel Rodrigues', NULL);
INSERT INTO students (id, name, _id) VALUES (17, 'Ricardo Leandro', NULL);
INSERT INTO students (id, name, _id) VALUES (18, 'Rui Pedro Guerra', NULL);
INSERT INTO students (id, name, _id) VALUES (19, 'Tiago Franco', NULL);
INSERT INTO students (id, name, _id) VALUES (20, 'Tiago Rema e Cunha', NULL);
INSERT INTO students (id, name, _id) VALUES (21, 'Filipe Daniel Figueiredo de Lemos', NULL);
INSERT INTO students (id, name, _id) VALUES (22, 'Ivo André da Rocha Marinho', NULL);
INSERT INTO students (id, name, _id) VALUES (23, 'Filipe João Pereira Montenegro', NULL);
INSERT INTO students (id, name, _id) VALUES (24, 'Filipe Emanuel Amaro Coelho', NULL);
INSERT INTO students (id, name, _id) VALUES (25, 'Guilherme Artur Conceicão Capela', NULL);
INSERT INTO students (id, name, _id) VALUES (26, 'Hugo André Amaral Rodrigues', NULL);
INSERT INTO students (id, name, _id) VALUES (27, 'José Miguel Ribeiro Paixão', NULL);
INSERT INTO students (id, name, _id) VALUES (28, 'Pedro da Silveira Vieira da Silva', NULL);
INSERT INTO students (id, name, _id) VALUES (29, 'Rui Manuel de Jesus Vaz Luís', NULL);
INSERT INTO students (id, name, _id) VALUES (30, 'David Simões', NULL);
INSERT INTO students (id, name, _id) VALUES (31, 'Luis Ferreira', NULL);
INSERT INTO students (id, name, _id) VALUES (32, 'Ricardo Alexandre G. C. Martins', NULL);
INSERT INTO students (id, name, _id) VALUES (33, 'Mário Ricardo de Novais Henriques', NULL);
INSERT INTO students (id, name, _id) VALUES (34, 'Hugo Manuel Lima de Sousa', NULL);
INSERT INTO students (id, name, _id) VALUES (35, 'Giovana Mendes', NULL);
INSERT INTO students (id, name, _id) VALUES (36, 'Rui Alexandre Alperiz Cerveira Nunes', NULL);
INSERT INTO students (id, name, _id) VALUES (37, 'Carlos Ângelo de Paiva Pereira', NULL);
INSERT INTO students (id, name, _id) VALUES (38, 'Alexandre Manuel Pinto Martins', NULL);
INSERT INTO students (id, name, _id) VALUES (39, 'Marta Henriques Jacinto', NULL);
-- DOCUMENTS
INSERT INTO documents (id, title, thesis) VALUES (0, 'Duplicate Detection in XML Databases', NULL);
INSERT INTO documents (id, title, thesis) VALUES (1, 'A framework for practice-based learning applied to computer programmming', NULL);
INSERT INTO documents (id, title, thesis) VALUES (2, 'Los Objetos de Aprendizaje en la Educación Superior: Fundamentos, Tratamiento y Recuperación en Repositorios y Bibliotecas Digitales Educativas', NULL);
INSERT INTO documents (id, title, thesis) VALUES (3, 'The Role of an ICT Change Agent in ICT Diffusion within Technology Projects in Public and Private Sector Settings', NULL);
INSERT INTO documents (id, title, thesis) VALUES (4, 'Automatization of the Code Generation for Different Industrial Robots', NULL);
INSERT INTO documents (id, title, thesis) VALUES (5, 'Sistematização da Animação de Programas', NULL);
INSERT INTO documents (id, title, thesis) VALUES (6, 'Engineering Temporal and Spatial Aspects in OWL using Patterns', NULL);
INSERT INTO documents (id, title, thesis) VALUES (7, 'Evaluating the Combination of Relaxation and Argumentation in Ontology Matching Negotiation', NULL);
INSERT INTO documents (id, title, thesis) VALUES (8, 'Soluções Open-source para os Serviços de Fax e VPN numa Rede Empresarial', NULL);
INSERT INTO documents (id, title, thesis) VALUES (9, 'Integração do OpenERP (Enterprise Resource Planning) no Sistema de Gestão Documental e Workflow', NULL);
INSERT INTO documents (id, title, thesis) VALUES (10, 'Interface Avançado de Utilizador para Análise de Formatos Multimédia', NULL);
INSERT INTO documents (id, title, thesis) VALUES (11, 'Indexação e Pesquisa de Informação com Base em Ontologias Interligadas', NULL);
INSERT INTO documents (id, title, thesis) VALUES (12, 'Sharing Botanical Information using Geospatial Databases', NULL);
INSERT INTO documents (id, title, thesis) VALUES (13, 'Computação Ubíqua no Ensino Básico: Plataforma orientada à informação multissensorial georreferenciada', NULL);
INSERT INTO documents (id, title, thesis) VALUES (14, 'Earthquake Record Selection for Dynamic Structural Analysis: an Application with a Web Interface', NULL);
INSERT INTO documents (id, title, thesis) VALUES (15, 'Sistema de Gestão Financeira para um Parque Tecnológico utilizando um Sistema de Geração Automática de Código', NULL);
INSERT INTO documents (id, title, thesis) VALUES (16, 'Arquitecturas de Integração de Mediadores com Companhias de Seguros', NULL);
INSERT INTO documents (id, title, thesis) VALUES (17, 'Improving Database Reporting Processes with XML Technologies', NULL);
INSERT INTO documents (id, title, thesis) VALUES (18, 'Integration using Oracle SOA Suite', NULL);
INSERT INTO documents (id, title, thesis) VALUES (19, 'Reactivity in the Semantic Web applied to Bio-informatics', NULL);
INSERT INTO documents (id, title, thesis) VALUES (20, 'A Control for Graph Representation and Interaction', NULL);
INSERT INTO documents (id, title, thesis) VALUES (21, 'Digital Archives: Comparative Study and Interoperability', NULL);
INSERT INTO documents (id, title, thesis) VALUES (22, 'Utilização do Oracle BPEL Process Manager', NULL);
INSERT INTO documents (id, title, thesis) VALUES (23, 'Gestão Integrada de Controlo de Acessos', NULL);
INSERT INTO documents (id, title, thesis) VALUES (24, 'Sistema automático de reconhecimento do montante de um cheque', NULL);
INSERT INTO documents (id, title, thesis) VALUES (25, 'Reconhecimento de símbolos musicais manuscritos na framework Gamera', NULL);
INSERT INTO documents (id, title, thesis) VALUES (26, 'Clinical Protocols Enabling Evidence Based Medicine Practice in Healthcare Software Solutions', NULL);
INSERT INTO documents (id, title, thesis) VALUES (27, 'Audit Trail CCHIT: Specification and Implementation', NULL);
INSERT INTO documents (id, title, thesis) VALUES (28, 'Uma infra-estrutura de suporte à adaptabilidade em sites web', NULL);
INSERT INTO documents (id, title, thesis) VALUES (29, 'Sistemas Remotos para Monitorização e Análise de Dados em Plataformas de E-Learning', NULL);
INSERT INTO documents (id, title, thesis) VALUES (30, 'Evolving E-Learning Standards: Vianet, a case study', NULL);
INSERT INTO documents (id, title, thesis) VALUES (31, 'Formalizing Interface Markup Languages', NULL);
INSERT INTO documents (id, title, thesis) VALUES (32, 'Edição estrutural de documentos XML sobre a Web', NULL);
INSERT INTO documents (id, title, thesis) VALUES (33, 'Exploração do GML e Web Services para uso de SIG"s em PDA"s', NULL);
INSERT INTO documents (id, title, thesis) VALUES (34, 'pGML - Estudo de um Subconjunto "Preciso" do GML 2.12', NULL);
INSERT INTO documents (id, title, thesis) VALUES (35, 'Normalização de Meta-Informação para Arquivos Multimédia', NULL);
INSERT INTO documents (id, title, thesis) VALUES (36, 'Exploração de Soluções de Arquivo para Documentos anotados na linguagem XML e o seu processamento', NULL);
INSERT INTO documents (id, title, thesis) VALUES (37, 'Armazenamento de Dados Complexos Utilizando XML', NULL);
INSERT INTO documents (id, title, thesis) VALUES (38, 'Interacção com uma Arquitectura de Componentes com Independência de Dispositivo e Localização', NULL);
INSERT INTO documents (id, title, thesis) VALUES (39, 'Especificação XML de Aplicaçõees para WWW', NULL);
INSERT INTO documents (id, title, thesis) VALUES (40, 'Validação Semântica em Documentos XML', NULL);
-- ATTYPES
INSERT INTO aTtypes (id, aTtype) VALUES (0, 'phd');
INSERT INTO aTtypes (id, aTtype) VALUES (1, 'msc');
-- INSTS
INSERT INTO insts (id, inst) VALUES (0, 'Instituto Superior Técnico da Universidade Técnica de Lisboa (IST/UTL)');
INSERT INTO insts (id, inst) VALUES (1, 'Faculdade de Ciências da Universidade do Porto');
INSERT INTO insts (id, inst) VALUES (2, 'Universidad Carlos III, Madrid, Spain');
INSERT INTO insts (id, inst) VALUES (3, 'Doctorate of Business Administration (DBA), School of Business, University of Ballarat, Australia');
INSERT INTO insts (id, inst) VALUES (4, 'Escola de Engenharia da Universidade do Minho');
INSERT INTO insts (id, inst) VALUES (5, 'Instituto Superior de Engenharia do Porto (ISEP)');
INSERT INTO insts (id, inst) VALUES (6, 'Faculdade de Engenharia da Universidade do Porto');
INSERT INTO insts (id, inst) VALUES (7, 'Faculdade de Ciência e Tecnologia da Universidade Nova de Lisboa');
INSERT INTO insts (id, inst) VALUES (8, 'Instituto Superior Técnico da Universidade Técnica de Lisboa');
